{"cameraMode":{"drawMode":0,"name":"Shaded","section":"Shading Mode"},"sceneLighting":true,"audioPlay":false,"sceneViewState":{"m_AlwaysRefresh":false,"showFog":true,"showSkybox":true,"showFlares":true,"showImageEffects":true,"showParticleSystems":true,"showVisualEffectGraphs":true,"m_FxEnabled":true},"in2DMode":false,"pivot":{"x":1.3171218633651734,"y":7.804876804351807,"z":53.04652404785156},"rotation":{"x":0.03717803210020065,"y":-0.014392945915460587,"z":-0.0005354926688596606,"w":-0.9992069602012634},"size":4.872485160827637,"orthographic":false}