{"cameraMode":{"drawMode":0,"name":"Shaded","section":"Shading Mode"},"sceneLighting":true,"audioPlay":false,"sceneViewState":{"showFog":true,"showMaterialUpdate":false,"showSkybox":true,"showFlares":true,"showImageEffects":true,"showParticleSystems":true},"in2DMode":false,"pivot":{"x":0.11630535125732422,"y":1.4427464008331299,"z":0.08844327926635742},"rotation":{"x":-0.09419062733650208,"y":0.46571624279022219,"z":-0.04993431270122528,"w":-0.8784891366958618},"size":10.570748329162598,"orthographic":false}